<?xml version="1.0" encoding="UTF-8"?>
<project-private xmlns="http://www.netbeans.org/ns/project-private/1">
    <editor-bookmarks xmlns="http://www.netbeans.org/ns/editor-bookmarks/2" lastBookmarkId="0"/>
    <open-files xmlns="http://www.netbeans.org/ns/projectui-open-files/2">
        <group>
            <file>file:/D:/Source/Java/Tptest/ExoTPtest/src/exotptest/fx/Controller.java</file>
            <file>file:/D:/Source/Java/Tptest/ExoTPtest/src/exotptest/PokemonTypeCore.java</file>
            <file>file:/D:/Source/Java/Tptest/ExoTPtest/src/exotptest/ExoTPtest.java</file>
            <file>file:/D:/Source/Java/Tptest/ExoTPtest/src/exotptest/swing/IHMSwing.java</file>
            <file>file:/D:/Source/Java/Tptest/ExoTPtest/fxml/window.fxml</file>
            <file>file:/D:/Source/Java/Tptest/ExoTPtest/src/exotptest/fx/IHMFx.java</file>
        </group>
    </open-files>
</project-private>
